{
    "manufacturer": "Auto-Keyboard-Design-Kit by sekigon-gonnoc",
    "keyboard_name": "tsumkey_split60",
    "maintainer": "Auto-KDK",
    "bootloader": "rp2040",
    "diode_direction": "COL2ROW",
    "features": {
        "bootmagic": true,
        "command": false,
        "console": false,
        "extrakey": true,
        "mousekey": true,
        "nkro": true,
        "pointing_device": true
    },
    "matrix_pins": {
        "rows": [
            "GP0",
            "GP23",
            "GP24",
            "GP25",
            "GP26"
        ],
        "cols": [
            "GP22",
            "GP17",
            "GP16",
            "GP14",
            "GP1",
            "GP2",
            "GP3"
        ]
    },
    "split": {
        "enabled": true,
        "matrix_pins": {
            "right": {
                "rows": [
                    "GP0",
                    "GP24",
                    "GP25",
                    "GP27",
                    "GP26"
                ],
                "cols": [
                    "GP23",
                    "GP22",
                    "GP17",
                    "GP16",
                    "GP14",
                    "GP1",
                    "GP2",
                    "GP3"
                ]
            }
        },
        "serial": {
            "pin": "GP13",
            "driver": "vendor"
        }
    },
    "processor": "RP2040",
    "url": "https://sekigon-gonnoc.github.io/auto-kdk/",
    "usb": {
        "device_version": "1.0.0",
        "pid": "0x0000",
        "vid": "0xFEED"
    },
    "layouts": {
        "LAYOUT": {
            "layout": [
                {
                    "matrix": [
                        0,
                        0
                    ],
                    "x": 0.75,
                    "y": 0.375,
                    "w": 1,
                    "h": 1,
                    "r": 0,
                    "rx": 0.75,
                    "ry": 0.375
                },
                {
                    "matrix": [
                        0,
                        1
                    ],
                    "x": 1.75,
                    "y": 0.375,
                    "w": 1,
                    "h": 1,
                    "r": 0,
                    "rx": 1.75,
                    "ry": 0.375
                },
                {
                    "matrix": [
                        0,
                        2
                    ],
                    "x": 2.75,
                    "y": 0.125,
                    "w": 1,
                    "h": 1,
                    "r": 0,
                    "rx": 2.75,
                    "ry": 0.125
                },
                {
                    "matrix": [
                        0,
                        3
                    ],
                    "x": 3.75,
                    "y": 0,
                    "w": 1,
                    "h": 1,
                    "r": 0,
                    "rx": 3.75,
                    "ry": 0
                },
                {
                    "matrix": [
                        0,
                        4
                    ],
                    "x": 4.75,
                    "y": 0.125,
                    "w": 1,
                    "h": 1,
                    "r": 0,
                    "rx": 4.75,
                    "ry": 0.125
                },
                {
                    "matrix": [
                        0,
                        5
                    ],
                    "x": 5.75,
                    "y": 0.375,
                    "w": 1,
                    "h": 1,
                    "r": 0,
                    "rx": 5.75,
                    "ry": 0.375
                },
                {
                    "matrix": [
                        1,
                        0
                    ],
                    "x": 0.25,
                    "y": 1.375,
                    "w": 1.5,
                    "h": 1,
                    "r": 0,
                    "rx": 0.25,
                    "ry": 1.375
                },
                {
                    "matrix": [
                        1,
                        1
                    ],
                    "x": 1.75,
                    "y": 1.375,
                    "w": 1,
                    "h": 1,
                    "r": 0,
                    "rx": 1.75,
                    "ry": 1.375
                },
                {
                    "matrix": [
                        1,
                        2
                    ],
                    "x": 2.75,
                    "y": 1.125,
                    "w": 1,
                    "h": 1,
                    "r": 0,
                    "rx": 2.75,
                    "ry": 1.125
                },
                {
                    "matrix": [
                        1,
                        3
                    ],
                    "x": 3.75,
                    "y": 1,
                    "w": 1,
                    "h": 1,
                    "r": 0,
                    "rx": 3.75,
                    "ry": 1
                },
                {
                    "matrix": [
                        1,
                        4
                    ],
                    "x": 4.75,
                    "y": 1.125,
                    "w": 1,
                    "h": 1,
                    "r": 0,
                    "rx": 4.75,
                    "ry": 1.125
                },
                {
                    "matrix": [
                        1,
                        5
                    ],
                    "x": 5.75,
                    "y": 1.375,
                    "w": 1,
                    "h": 1,
                    "r": 0,
                    "rx": 5.75,
                    "ry": 1.375
                },
                {
                    "matrix": [
                        2,
                        0
                    ],
                    "x": 0,
                    "y": 2.375,
                    "w": 1.75,
                    "h": 1,
                    "r": 0,
                    "rx": 0,
                    "ry": 2.375
                },
                {
                    "matrix": [
                        2,
                        1
                    ],
                    "x": 1.75,
                    "y": 2.375,
                    "w": 1,
                    "h": 1,
                    "r": 0,
                    "rx": 1.75,
                    "ry": 2.375
                },
                {
                    "matrix": [
                        2,
                        2
                    ],
                    "x": 2.75,
                    "y": 2.125,
                    "w": 1,
                    "h": 1,
                    "r": 0,
                    "rx": 2.75,
                    "ry": 2.125
                },
                {
                    "matrix": [
                        2,
                        3
                    ],
                    "x": 3.75,
                    "y": 2,
                    "w": 1,
                    "h": 1,
                    "r": 0,
                    "rx": 3.75,
                    "ry": 2
                },
                {
                    "matrix": [
                        2,
                        4
                    ],
                    "x": 4.75,
                    "y": 2.125,
                    "w": 1,
                    "h": 1,
                    "r": 0,
                    "rx": 4.75,
                    "ry": 2.125
                },
                {
                    "matrix": [
                        2,
                        5
                    ],
                    "x": 5.75,
                    "y": 2.375,
                    "w": 1,
                    "h": 1,
                    "r": 0,
                    "rx": 5.75,
                    "ry": 2.375
                },
                {
                    "matrix": [
                        3,
                        0
                    ],
                    "x": 0.25,
                    "y": 3.375,
                    "w": 1.25,
                    "h": 1,
                    "r": 0,
                    "rx": 0.25,
                    "ry": 3.375
                },
                {
                    "matrix": [
                        3,
                        1
                    ],
                    "x": 1.5,
                    "y": 3.375,
                    "w": 1.25,
                    "h": 1,
                    "r": 0,
                    "rx": 1.5,
                    "ry": 3.375
                },
                {
                    "matrix": [
                        3,
                        2
                    ],
                    "x": 2.75,
                    "y": 3.375,
                    "w": 1.25,
                    "h": 1,
                    "r": 0,
                    "rx": 2.75,
                    "ry": 3.375
                },
                {
                    "matrix": [
                        3,
                        3
                    ],
                    "x": 4.125,
                    "y": 3.625,
                    "w": 1,
                    "h": 1,
                    "r": 0,
                    "rx": 4.125,
                    "ry": 3.625
                },
                {
                    "matrix": [
                        3,
                        4
                    ],
                    "x": 5.521446609406727,
                    "y": 3.3876275643042053,
                    "w": 1,
                    "h": 1,
                    "r": 15,
                    "rx": 5.521446609406727,
                    "ry": 3.3876275643042053
                },
                {
                    "matrix": [
                        3,
                        5
                    ],
                    "x": 6.598711369424562,
                    "y": 3.72410477600865,
                    "w": 1,
                    "h": 1,
                    "r": 22,
                    "rx": 6.598711369424562,
                    "ry": 3.72410477600865
                },
                {
                    "matrix": [
                        3,
                        6
                    ],
                    "x": 7.6919872981077795,
                    "y": 4.191987298107781,
                    "w": 1,
                    "h": 1,
                    "r": 30,
                    "rx": 7.6919872981077795,
                    "ry": 4.191987298107781
                },
                {
                    "matrix": [
                        4,
                        2
                    ],
                    "x": 3.125,
                    "y": 4.625,
                    "w": 1,
                    "h": 1,
                    "r": 0,
                    "rx": 3.125,
                    "ry": 4.625
                },
                {
                    "matrix": [
                        4,
                        3
                    ],
                    "x": 4.125,
                    "y": 4.625,
                    "w": 1,
                    "h": 1,
                    "r": 0,
                    "rx": 4.125,
                    "ry": 4.625
                },
                {
                    "matrix": [
                        4,
                        4
                    ],
                    "x": 5.125,
                    "y": 4.625,
                    "w": 1,
                    "h": 1,
                    "r": 0,
                    "rx": 5.125,
                    "ry": 4.625
                },
                {
                    "matrix": [
                        5,
                        2
                    ],
                    "x": 12.375,
                    "y": 0.375,
                    "w": 1,
                    "h": 1,
                    "r": 0,
                    "rx": 12.375,
                    "ry": 0.375
                },
                {
                    "matrix": [
                        5,
                        3
                    ],
                    "x": 13.375,
                    "y": 0.125,
                    "w": 1,
                    "h": 1,
                    "r": 0,
                    "rx": 13.375,
                    "ry": 0.125
                },
                {
                    "matrix": [
                        5,
                        4
                    ],
                    "x": 14.375,
                    "y": 0,
                    "w": 1,
                    "h": 1,
                    "r": 0,
                    "rx": 14.375,
                    "ry": 0
                },
                {
                    "matrix": [
                        5,
                        5
                    ],
                    "x": 15.375,
                    "y": 0.125,
                    "w": 1,
                    "h": 1,
                    "r": 0,
                    "rx": 15.375,
                    "ry": 0.125
                },
                {
                    "matrix": [
                        5,
                        6
                    ],
                    "x": 16.375,
                    "y": 0.375,
                    "w": 1,
                    "h": 1,
                    "r": 0,
                    "rx": 16.375,
                    "ry": 0.375
                },
                {
                    "matrix": [
                        5,
                        7
                    ],
                    "x": 17.375,
                    "y": 0.375,
                    "w": 1.5,
                    "h": 1,
                    "r": 0,
                    "rx": 17.375,
                    "ry": 0.375
                },
                {
                    "matrix": [
                        6,
                        2
                    ],
                    "x": 12.375,
                    "y": 1.375,
                    "w": 1,
                    "h": 1,
                    "r": 0,
                    "rx": 12.375,
                    "ry": 1.375
                },
                {
                    "matrix": [
                        6,
                        3
                    ],
                    "x": 13.375,
                    "y": 1.125,
                    "w": 1,
                    "h": 1,
                    "r": 0,
                    "rx": 13.375,
                    "ry": 1.125
                },
                {
                    "matrix": [
                        6,
                        4
                    ],
                    "x": 14.375,
                    "y": 1,
                    "w": 1,
                    "h": 1,
                    "r": 0,
                    "rx": 14.375,
                    "ry": 1
                },
                {
                    "matrix": [
                        6,
                        5
                    ],
                    "x": 15.375,
                    "y": 1.125,
                    "w": 1,
                    "h": 1,
                    "r": 0,
                    "rx": 15.375,
                    "ry": 1.125
                },
                {
                    "matrix": [
                        6,
                        6
                    ],
                    "x": 16.375,
                    "y": 1.375,
                    "w": 1,
                    "h": 1,
                    "r": 0,
                    "rx": 16.375,
                    "ry": 1.375
                },
                {
                    "matrix": [
                        6,
                        7
                    ],
                    "x": 17.375,
                    "y": 1.375,
                    "w": 1,
                    "h": 1,
                    "r": 0,
                    "rx": 17.375,
                    "ry": 1.375
                },
                {
                    "matrix": [
                        7,
                        0
                    ],
                    "x": 10.09910477600865,
                    "y": 3.473711369424562,
                    "w": 1,
                    "h": 1,
                    "r": -22,
                    "rx": 10.09910477600865,
                    "ry": 3.473711369424562
                },
                {
                    "matrix": [
                        7,
                        1
                    ],
                    "x": 11.09910477600865,
                    "y": 3.098711369424562,
                    "w": 1,
                    "h": 1,
                    "r": -22,
                    "rx": 11.09910477600865,
                    "ry": 3.098711369424562
                },
                {
                    "matrix": [
                        7,
                        2
                    ],
                    "x": 12.375,
                    "y": 2.375,
                    "w": 1,
                    "h": 1,
                    "r": 0,
                    "rx": 12.375,
                    "ry": 2.375
                },
                {
                    "matrix": [
                        7,
                        3
                    ],
                    "x": 13.375,
                    "y": 2.125,
                    "w": 1,
                    "h": 1,
                    "r": 0,
                    "rx": 13.375,
                    "ry": 2.125
                },
                {
                    "matrix": [
                        7,
                        4
                    ],
                    "x": 14.375,
                    "y": 2,
                    "w": 1,
                    "h": 1,
                    "r": 0,
                    "rx": 14.375,
                    "ry": 2
                },
                {
                    "matrix": [
                        7,
                        5
                    ],
                    "x": 15.375,
                    "y": 2.125,
                    "w": 1,
                    "h": 1,
                    "r": 0,
                    "rx": 15.375,
                    "ry": 2.125
                },
                {
                    "matrix": [
                        7,
                        6
                    ],
                    "x": 16.375,
                    "y": 2.375,
                    "w": 1,
                    "h": 1,
                    "r": 0,
                    "rx": 16.375,
                    "ry": 2.375
                },
                {
                    "matrix": [
                        7,
                        7
                    ],
                    "x": 17.375,
                    "y": 2.375,
                    "w": 1,
                    "h": 1,
                    "r": 0,
                    "rx": 17.375,
                    "ry": 2.375
                },
                {
                    "matrix": [
                        8,
                        1
                    ],
                    "x": 10.838985333867482,
                    "y": 4.385512848725257,
                    "w": 2,
                    "h": 1,
                    "r": 68,
                    "rx": 10.838985333867482,
                    "ry": 4.385512848725257
                },
                {
                    "matrix": [
                        8,
                        2
                    ],
                    "x": 12.20488331568833,
                    "y": 3.8386870245482676,
                    "w": 2,
                    "h": 1.25,
                    "r": 68,
                    "rx": 12.20488331568833,
                    "ry": 3.8386870245482676
                },
                {
                    "matrix": [
                        8,
                        3
                    ],
                    "x": 12.637627564304205,
                    "y": 3.646446609406726,
                    "w": 1,
                    "h": 1,
                    "r": -15,
                    "rx": 12.637627564304205,
                    "ry": 3.646446609406726
                },
                {
                    "matrix": [
                        8,
                        4
                    ],
                    "x": 14,
                    "y": 3.625,
                    "w": 1,
                    "h": 1,
                    "r": 0,
                    "rx": 14,
                    "ry": 3.625
                },
                {
                    "matrix": [
                        8,
                        5
                    ],
                    "x": 15.125,
                    "y": 3.375,
                    "w": 1.25,
                    "h": 1,
                    "r": 0,
                    "rx": 15.125,
                    "ry": 3.375
                },
                {
                    "matrix": [
                        8,
                        6
                    ],
                    "x": 16.375,
                    "y": 3.375,
                    "w": 1,
                    "h": 1,
                    "r": 0,
                    "rx": 16.375,
                    "ry": 3.375
                },
                {
                    "matrix": [
                        8,
                        7
                    ],
                    "x": 17.375,
                    "y": 3.375,
                    "w": 1,
                    "h": 1,
                    "r": 0,
                    "rx": 17.375,
                    "ry": 3.375
                },
                {
                    "matrix": [
                        9,
                        3
                    ],
                    "x": 13,
                    "y": 4.625,
                    "w": 1,
                    "h": 1,
                    "r": 0,
                    "rx": 13,
                    "ry": 4.625
                },
                {
                    "matrix": [
                        9,
                        4
                    ],
                    "x": 14,
                    "y": 4.625,
                    "w": 1,
                    "h": 1,
                    "r": 0,
                    "rx": 14,
                    "ry": 4.625
                },
                {
                    "matrix": [
                        9,
                        5
                    ],
                    "x": 15,
                    "y": 4.625,
                    "w": 1,
                    "h": 1,
                    "r": 0,
                    "rx": 15,
                    "ry": 4.625
                }
            ]
        }
    }
}