{
    "name": "tsumkey_split60",
    "vendorId": "0xFEED",
    "productId": "0x0000",
    "matrix": {
        "rows": 10,
        "cols": 8
    },
    "layouts": {
        "labels": [
            [
                "Layout",
                "LAYOUT"
            ]
        ],
        "keymap": [
            [
                {
                    "x": 3.75
                },
                "0,3\n\n\n0,0",
                {
                    "x": 9.63
                },
                "5,4\n\n\n0,0"
            ],
            [
                {
                    "x": 2.75,
                    "y": -0.87
                },
                "0,2\n\n\n0,0",
                {
                    "x": 1
                },
                "0,4\n\n\n0,0",
                {
                    "x": 7.63
                },
                "5,3\n\n\n0,0",
                {
                    "x": 1
                },
                "5,5\n\n\n0,0"
            ],
            [
                {
                    "x": 0.75,
                    "y": -0.75
                },
                "0,0\n\n\n0,0",
                "0,1\n\n\n0,0",
                {
                    "x": 3
                },
                "0,5\n\n\n0,0",
                {
                    "x": 5.63
                },
                "5,2\n\n\n0,0",
                {
                    "x": 3
                },
                "5,6\n\n\n0,0",
                {
                    "w": 1.5
                },
                "5,7\n\n\n0,0"
            ],
            [
                {
                    "x": 3.75,
                    "y": -0.37
                },
                "1,3\n\n\n0,0",
                {
                    "x": 9.63
                },
                "6,4\n\n\n0,0"
            ],
            [
                {
                    "x": 2.75,
                    "y": -0.87
                },
                "1,2\n\n\n0,0",
                {
                    "x": 1
                },
                "1,4\n\n\n0,0",
                {
                    "x": 7.63
                },
                "6,3\n\n\n0,0",
                {
                    "x": 1
                },
                "6,5\n\n\n0,0"
            ],
            [
                {
                    "x": 0.25,
                    "y": -0.75,
                    "w": 1.5
                },
                "1,0\n\n\n0,0",
                "1,1\n\n\n0,0",
                {
                    "x": 3
                },
                "1,5\n\n\n0,0",
                {
                    "x": 5.63
                },
                "6,2\n\n\n0,0",
                {
                    "x": 3
                },
                "6,6\n\n\n0,0",
                "6,7\n\n\n0,0"
            ],
            [
                {
                    "x": 3.75,
                    "y": -0.37
                },
                "2,3\n\n\n0,0",
                {
                    "x": 9.63
                },
                "7,4\n\n\n0,0"
            ],
            [
                {
                    "x": 2.75,
                    "y": -0.87
                },
                "2,2\n\n\n0,0",
                {
                    "x": 1
                },
                "2,4\n\n\n0,0",
                {
                    "x": 7.63
                },
                "7,3\n\n\n0,0",
                {
                    "x": 1
                },
                "7,5\n\n\n0,0"
            ],
            [
                {
                    "y": -0.75,
                    "w": 1.75
                },
                "2,0\n\n\n0,0",
                "2,1\n\n\n0,0",
                {
                    "x": 3
                },
                "2,5\n\n\n0,0",
                {
                    "x": 5.63
                },
                "7,2\n\n\n0,0",
                {
                    "x": 3
                },
                "7,6\n\n\n0,0",
                "7,7\n\n\n0,0"
            ],
            [
                {
                    "x": 0.25,
                    "w": 1.25
                },
                "3,0\n\n\n0,0",
                {
                    "w": 1.25
                },
                "3,1\n\n\n0,0",
                {
                    "w": 1.25
                },
                "3,2\n\n\n0,0",
                {
                    "x": 11.13,
                    "w": 1.25
                },
                "8,5\n\n\n0,0",
                "8,6\n\n\n0,0",
                "8,7\n\n\n0,0"
            ],
            [
                {
                    "x": 4.125,
                    "y": -0.75
                },
                "3,3\n\n\n0,0",
                {
                    "x": 8.88
                },
                "8,4\n\n\n0,0"
            ],
            [
                {
                    "x": 3.125
                },
                "4,2\n\n\n0,0",
                "4,3\n\n\n0,0",
                "4,4\n\n\n0,0",
                {
                    "x": 6.88
                },
                "9,3\n\n\n0,0",
                "9,4\n\n\n0,0",
                "9,5\n\n\n0,0"
            ],
            [
                {
                    "r": -22,
                    "rx": 11.09910477600865,
                    "ry": 3.098711369424562
                },
                "7,1\n\n\n0,0"
            ],
            [
                {
                    "r": 15,
                    "rx": 5.521446609406727,
                    "ry": 3.3876275643042053
                },
                "3,4\n\n\n0,0"
            ],
            [
                {
                    "r": -22,
                    "rx": 10.09910477600865,
                    "ry": 3.473711369424562
                },
                "7,0\n\n\n0,0"
            ],
            [
                {
                    "r": -15,
                    "rx": 12.637627564304205,
                    "ry": 3.646446609406726
                },
                "8,3\n\n\n0,0"
            ],
            [
                {
                    "r": 22,
                    "rx": 6.598711369424562,
                    "ry": 3.72410477600865
                },
                "3,5\n\n\n0,0"
            ],
            [
                {
                    "r": 68,
                    "rx": 12.20488331568833,
                    "ry": 3.8386870245482676
                },
                "8,2\n\n\n0,0"
            ],
            [
                {
                    "r": 30,
                    "rx": 7.6919872981077795,
                    "ry": 4.191987298107781
                },
                "3,6\n\n\n0,0"
            ],
            [
                {
                    "r": 68,
                    "rx": 10.838985333867482,
                    "ry": 4.385512848725257
                },
                "8,1\n\n\n0,0"
            ]
        ]
    }
}